Unit Name,Tenant Name,Tenant Phone Number,Arreas
1,LUFTIA  DONNA,712471788,12000
A,DATCHE PHOSTINE,707771220,7600
B,MARGARET  MUTHIANI,720672857,9450
4,SAMUEL TAMA,718881858,48000
3,ALEX  NDIRANGU,722536810,13800
7,ROSE SIDI,722786548,3000
A,FREDRICK  OPONDO,720459300,11600
D,VIOLET  WANYAMA,721855641,11600
E,FRANCIS  MWANGI,720567922,15600
F,COSMAS  WASILWA,716181446,11600
D,CAROLINE WAIRIMU,721925039,18600
E,HENRY OTARA,724672810,18600
G,LILIAN  VASISI,721536398,12600
A,CAROLINE  ADHIAMBO,721378026,16030
B,ERIC  MUTISYA,722317678,16100
C,MARY  NGINA,722885020,17600
E,ESTHER MWANGI,721848664,18600
H,JACOB  THENDU,722744848,6500
J,ARIGI  DAMES,712486371,26200
L,MOSES  NDUNGU,723935954,14600
C,ALVIN TUWEI,723214515,14420
D,BROWN  SAMBUT,721519622,42100
I,MONICAH  NJENGA,727493572,5670
E,FRANCISCA MUTUKU,724695454,17600
B,RAHAB WAGECHI,718775899,9100
A,MARTINA KUBASU,734655661,8950
A,JACOB  MOKI,723124904,15000
E,CYRUS  MWAKIMA,739684159,25200
F,AYUB MURIANKA,722695612,22000
1A,KEN ODHIAMBO,722479179,11600
1C,JACKLINE ACHIENG,715675200,15600
2B,JIM  SIMANI,726644937,11600
2C,NAOMI  NJERI,722922434,33200
2H,GABRIEL  MWAUNDA,724552062,20300
3C,CAROLINE KIMANTHE,721812458,8600
3D,BEATRICE AWUOR,711414930,20050
4E,JOYCE  KAYOGOI,725887906,7600
4J,NANCY MUTHEU,714641968,24300
5H,BOBBY  WACHIRA,723211894,15600
5I,JANE  MATHEKA,725217987,13200
6A,MERCY  WANJIKU,725529768,11600
6B,JOSPHINE  MBITHI ,720304698,11600
6H,COLLINS OGUTU,722306240,37600
6I,FRANCIS MUTHAMA,727142737,12300
B,JOSPHAT  BOLLU,722989720,15200
C,ADELAIDE  MATINGI,710310040,33100
D,MESHACK  OKONGO,704221308,5880
E,ELSIE  NANDISA,725542479,14100
F,ELIZABETH  MBOTELA,723986485,14130
H,BETTY  WAMBUA,720996759,9200
M,DAMILARE SAMSON,723085575,3300
A,CORNELIUS  KANYIRI,722349269,12600
B,PAUL MWILI,710312560,14900
C,BONIFACE  WAWERU,721608111,23200
F,CARLOS  WANDA,720576067,12600
D,HENRY WAWERU,727268340,36300
M,DOMINIC ONDALA,713789192,8600
F,KENNEDY  JOSHUA,725281508,2100
H,TOM  OKWENO,711779221,9600
J,ANN  NGUYU,712717101,19430
G,JACKLINE  MAKENA,721151862,8415
H,FELIX  OPIYO,713862616,11600
A1,ALFRED ADALA,726854886,1900
A2,JAMES OPRONG,721601686,12500
